------------------------------
Creating and Reading the data|
------------------------------

Database changed
mysql> select * from test1;
+------+-------+-----------+
| id   | name  | mobile    |
+------+-------+-----------+
|    1 | aqeeb | 676786876 |
|    2 | fatha | 767678689 |
|    3 | akash | 656751281 |
+------+-------+-----------+
3 rows in set (0.00 sec)






----------------
Adding the data|
----------------

mysql> select * from test1;
+------+--------+-----------+
| id   | name   | mobile    |
+------+--------+-----------+
|    1 | aqeeb  | 676786876 |
|    2 | fatha  | 767678689 |
|    3 | akash  | 656751281 |
|    4 | paroq  | 678672876 |
|    5 | Javed  | 767678689 |
|    6 | faizan | 656751281 |
+------+--------+-----------+
6 rows in set (0.00 sec)



------------------
Updating the data|
------------------

mysql> select * from test1;
+------+--------+-----------+
| id   | name   | mobile    |
+------+--------+-----------+
|    1 | aqeeb  | 676786876 |
|    2 | fatha  | 767678689 |
|    3 | akash  | 656751281 |
|    4 | paroq  | 678672876 |
|    5 | Javed  | 767678689 |
|    6 | faizan |  12345678 |
+------+--------+-----------+
6 rows in set (0.00 sec)





------------------
Updating the data|
------------------

mysql> select * from test1;
+------+--------+-----------+
| id   | name   | mobile    |
+------+--------+-----------+
|    2 | fatha  | 767678689 |
|    3 | akash  | 656751281 |
|    4 | paroq  | 678672876 |
|    5 | Javed  | 767678689 |
|    6 | faizan |  12345678 |
+------+--------+-----------+
5 rows in set (0.00 sec)



